episode_id,task_id,state_index,branch,success,steps,crashed,deadline_reached,unwanted_collisions,motion_repair_candidates_selected
formal-task00-state040-parent_only,0,40,parent_only,True,77,False,False,0,
formal-task00-state040-full_final,0,40,full_final,True,77,False,False,0,
formal-task00-state040-delta_evc,0,40,delta_evc,True,77,False,False,0,
formal-task00-state041-parent_only,0,41,parent_only,True,74,False,False,0,
formal-task00-state041-full_final,0,41,full_final,True,74,False,False,0,
formal-task00-state041-delta_evc,0,41,delta_evc,True,74,False,False,0,
formal-task04-state040-parent_only,4,40,parent_only,False,40,False,False,0,
formal-task04-state040-full_final,4,40,full_final,False,40,False,False,0,
formal-task04-state040-delta_evc,4,40,delta_evc,False,40,False,False,0,
formal-task04-state041-parent_only,4,41,parent_only,False,50,False,False,0,
formal-task04-state041-full_final,4,41,full_final,False,50,False,False,0,
formal-task04-state041-delta_evc,4,41,delta_evc,False,50,False,False,0,
formal-task05-state040-parent_only,5,40,parent_only,False,90,False,False,0,
formal-task05-state040-full_final,5,40,full_final,False,90,False,False,0,
formal-task05-state040-delta_evc,5,40,delta_evc,False,90,False,False,0,
formal-task05-state041-parent_only,5,41,parent_only,False,40,False,False,0,
formal-task05-state041-full_final,5,41,full_final,False,40,False,False,0,
formal-task05-state041-delta_evc,5,41,delta_evc,False,40,False,False,0,
