task_id,initial_state_index,seed,baseline_success,active_success,baseline_steps,active_steps,compared_actions,different_action_bytes,first_different_action,common_prefix_max_abs_difference,whole_action_sequence_equal,official_outcome_equal
0,46,44046,True,True,77,77,77,0,,0.0,True,True
0,47,44047,False,False,280,280,280,0,,0.0,True,True
0,48,44048,True,True,74,74,74,0,,0.0,True,True
0,49,44049,True,True,75,75,75,0,,0.0,True,True
1,46,44046,True,True,110,110,110,0,,0.0,True,True
1,47,44047,True,True,260,260,260,0,,0.0,True,True
1,48,44048,True,True,110,110,110,0,,0.0,True,True
1,49,44049,True,True,103,103,103,0,,0.0,True,True
2,46,44046,True,True,93,93,93,0,,0.0,True,True
2,47,44047,True,True,92,92,92,0,,0.0,True,True
2,48,44048,True,True,86,86,86,0,,0.0,True,True
2,49,44049,True,True,99,99,99,0,,0.0,True,True
3,46,44046,True,True,83,83,83,0,,0.0,True,True
3,47,44047,True,True,85,85,85,0,,0.0,True,True
3,48,44048,True,True,82,82,82,0,,0.0,True,True
3,49,44049,True,True,85,85,85,0,,0.0,True,True
4,46,44046,True,True,131,131,131,0,,0.0,True,True
4,47,44047,False,False,280,280,280,0,,0.0,True,True
4,48,44048,True,True,136,136,136,0,,0.0,True,True
4,49,44049,True,True,135,135,135,0,,0.0,True,True
5,46,44046,True,True,83,83,83,0,,0.0,True,True
5,47,44047,True,True,85,85,85,0,,0.0,True,True
5,48,44048,True,True,91,91,91,0,,0.0,True,True
5,49,44049,True,True,94,94,94,0,,0.0,True,True
6,46,44046,False,False,280,280,280,0,,0.0,True,True
6,47,44047,True,True,115,115,115,0,,0.0,True,True
6,48,44048,True,True,106,106,106,0,,0.0,True,True
6,49,44049,True,True,102,102,102,0,,0.0,True,True
7,46,44046,True,True,126,126,126,0,,0.0,True,True
7,47,44047,True,True,117,117,117,0,,0.0,True,True
7,48,44048,True,True,115,115,115,0,,0.0,True,True
7,49,44049,False,False,280,280,280,0,,0.0,True,True
8,46,44046,False,False,280,280,280,0,,0.0,True,True
8,47,44047,True,True,93,93,93,0,,0.0,True,True
8,48,44048,True,True,92,92,92,0,,0.0,True,True
8,49,44049,True,True,94,94,94,0,,0.0,True,True
9,46,44046,True,True,117,117,117,0,,0.0,True,True
9,47,44047,True,True,114,114,114,0,,0.0,True,True
9,48,44048,False,False,280,280,280,0,,0.0,True,True
9,49,44049,False,False,280,280,280,0,,0.0,True,True
